<config>
	<set xpath="/items/item[@name='gunHandgunT0PipePistol']/effect_group/passive_effect[@name='MaxRange'][@operation='base_set']/@value">95</set>
	<set xpath="/items/item[@name='gunHandgunT0PipePistol']/effect_group/passive_effect[@name='DamageFalloffRange'][@operation='base_set']/@value">40</set>
	<set xpath="/items/item[@name='gunHandgunT0PipePistol']/effect_group/passive_effect[@name='RoundsPerMinute'][@operation='base_set']/@value">160</set>
	<set xpath="/items/item[@name='gunHandgunT0PipePistol']/effect_group/passive_effect[@name='MagazineSize'][@operation='base_set']/@value">6</set>
	<set xpath="/items/item[@name='gunHandgunT0PipePistol']/effect_group[@name='gunHandgunT0PipePistol']/passive_effect[@name='EntityDamage'][@operation='base_add']/@value">24</set>
		
	<set xpath="/items/item[@name='gunHandgunT1Pistol']/effect_group/passive_effect[@name='MaxRange'][@operation='base_set']/@value">95</set>
	<set xpath="/items/item[@name='gunHandgunT1Pistol']/effect_group/passive_effect[@name='DamageFalloffRange'][@operation='base_set']/@value">40</set>
	<set xpath="/items/item[@name='gunHandgunT1Pistol']/effect_group/passive_effect[@name='RoundsPerMinute'][@operation='base_set']/@value">400</set>
	<set xpath="/items/item[@name='gunHandgunT1Pistol']/effect_group/passive_effect[@name='MagazineSize'][@operation='base_set']/@value">13</set>
	
	<set xpath="/items/item[@name='gunHandgunT2Magnum44']/effect_group/passive_effect[@name='MaxRange'][@operation='base_set']/@value">110</set>
	<set xpath="/items/item[@name='gunHandgunT2Magnum44']/effect_group/passive_effect[@name='DamageFalloffRange'][@operation='base_set']/@value">90</set>	
	<set xpath="/items/item[@name='gunHandgunT2Magnum44']/effect_group/passive_effect[@name='RoundsPerMinute'][@operation='base_set']/@value">150</set>
	<set xpath="/items/item[@name='gunHandgunT2Magnum44']/effect_group/passive_effect[@name='MagazineSize'][@operation='base_set']/@value">6</set>

	<set xpath="/items/item[@name='gunHandgunT3DesertVulture']/effect_group/passive_effect[@name='MaxRange'][@operation='base_set']/@value">110</set>
	<set xpath="/items/item[@name='gunHandgunT3DesertVulture']/effect_group/passive_effect[@name='DamageFalloffRange'][@operation='base_set']/@value">90</set>		
	<set xpath="/items/item[@name='gunHandgunT3DesertVulture']/effect_group/passive_effect[@name='RoundsPerMinute'][@operation='base_set']/@value">140</set>
	<set xpath="/items/item[@name='gunHandgunT3DesertVulture']/effect_group/passive_effect[@name='MagazineSize'][@operation='base_set']/@value">7</set>
	<set xpath="/items/item[@name='gunHandgunT3DesertVulture']/effect_group[@name='gunHandgunT3DesertVulture']/passive_effect[@name='EntityDamage'][@operation='base_add']/@value">34</set>

	<set xpath="/items/item[@name='gunHandgunT3SMG5']/effect_group/passive_effect[@name='MaxRange'][@operation='base_set']/@value">90</set>
	<set xpath="/items/item[@name='gunHandgunT3SMG5']/effect_group/passive_effect[@name='DamageFalloffRange'][@operation='base_set']/@value">50</set>
	<set xpath="/items/item[@name='gunHandgunT3SMG5']/effect_group/passive_effect[@name='RoundsPerMinute'][@operation='base_set']/@value">745</set>
	<set xpath="/items/item[@name='gunHandgunT3SMG5']/effect_group/passive_effect[@name='MagazineSize'][@operation='base_set']/@value">30</set>
	<set xpath="/items/item[@name='gunHandgunT3SMG5']/effect_group[@name='gunHandgunT3SMG5']/passive_effect[@name='EntityDamage'][@operation='base_add']/@value">5</set>

	<set xpath="/items/item[@name='gunRifleT0PipeRifle']/effect_group/passive_effect[@name='MaxRange'][@operation='base_set']/@value">200</set>
	<set xpath="/items/item[@name='gunRifleT0PipeRifle']/effect_group/passive_effect[@name='DamageFalloffRange'][@operation='base_set']/@value">200</set>	
	<set xpath="/items/item[@name='gunRifleT0PipeRifle']/effect_group/passive_effect[@name='RoundsPerMinute'][@operation='base_set']/@value">48</set>
	<set xpath="/items/item[@name='gunRifleT0PipeRifle']/effect_group/passive_effect[@name='MagazineSize'][@operation='base_set']/@value">1</set>
	<set xpath="/items/item[@name='gunRifleT0PipeRifle']/effect_group[@name='gunRifleT0PipeRifle']/passive_effect[@name='EntityDamage'][@operation='base_add']/@value">30</set>

	<set xpath="/items/item[@name='gunRifleT1HuntingRifle']/effect_group/passive_effect[@name='MaxRange'][@operation='base_set']/@value">200</set>
	<set xpath="/items/item[@name='gunRifleT1HuntingRifle']/effect_group/passive_effect[@name='DamageFalloffRange'][@operation='base_set']/@value">200</set>	
	<set xpath="/items/item[@name='gunRifleT1HuntingRifle']/effect_group/passive_effect[@name='RoundsPerMinute'][@operation='base_set']/@value">48</set>
	<set xpath="/items/item[@name='gunRifleT1HuntingRifle']/effect_group/passive_effect[@name='MagazineSize'][@operation='base_set']/@value">1</set>
	<set xpath="/items/item[@name='gunRifleT1HuntingRifle']/effect_group[@name='gunRifleT1HuntingRifle']/passive_effect[@name='EntityDamage'][@operation='base_add']/@value">32</set>

	<set xpath="/items/item[@name='gunRifleT2LeverActionRifle']/effect_group/passive_effect[@name='MaxRange'][@operation='base_set']/@value">200</set>
	<set xpath="/items/item[@name='gunRifleT2LeverActionRifle']/effect_group/passive_effect[@name='DamageFalloffRange'][@operation='base_set']/@value">200</set>	
	<set xpath="/items/item[@name='gunRifleT2LeverActionRifle']/effect_group/passive_effect[@name='RoundsPerMinute'][@operation='base_set']/@value">100</set>
	<set xpath="/items/item[@name='gunRifleT2LeverActionRifle']/effect_group/passive_effect[@name='MagazineSize'][@operation='base_set']/@value">6</set>
	<set xpath="/items/item[@name='gunRifleT2LeverActionRifle']/effect_group[@name='gunRifleT2LeverActionRifle']/passive_effect[@name='EntityDamage'][@operation='base_add']/@value">22</set>
	
	<set xpath="/items/item[@name='gunRifleT3SniperRifle']/effect_group/passive_effect[@name='MaxRange'][@operation='base_set']/@value">200</set>
	<set xpath="/items/item[@name='gunRifleT3SniperRifle']/effect_group/passive_effect[@name='DamageFalloffRange'][@operation='base_set']/@value">200</set>
	<set xpath="/items/item[@name='gunRifleT3SniperRifle']/effect_group/passive_effect[@name='RoundsPerMinute'][@operation='base_set']/@value">280</set>
	<set xpath="/items/item[@name='gunRifleT3SniperRifle']/effect_group/passive_effect[@name='MagazineSize'][@operation='base_set']/@value">12</set>
	<set xpath="/items/item[@name='gunRifleT3SniperRifle']/effect_group[@name='gunRifleT3SniperRifle']/passive_effect[@name='EntityDamage'][@operation='base_add']/@value">12</set>

	<set xpath="/items/item[@name='gunMGT0PipeMachineGun']/effect_group/passive_effect[@name='MaxRange'][@operation='base_set']/@value">90</set>
	<set xpath="/items/item[@name='gunMGT0PipeMachineGun']/effect_group/passive_effect[@name='DamageFalloffRange'][@operation='base_set']/@value">50</set>
	<set xpath="/items/item[@name='gunMGT0PipeMachineGun']/effect_group/passive_effect[@name='RoundsPerMinute'][@operation='base_set']/@value">490</set>
	<set xpath="/items/item[@name='gunMGT0PipeMachineGun']/effect_group/passive_effect[@name='MagazineSize'][@operation='base_set']/@value">25</set>
	<set xpath="/items/item[@name='gunMGT0PipeMachineGun']/effect_group[@name='gunMGT0PipeMachineGun']/passive_effect[@name='EntityDamage'][@operation='base_add']/@value">22</set>

	<set xpath="/items/item[@name='gunMGT1AK47']/effect_group/passive_effect[@name='MaxRange'][@operation='base_set']/@value">110</set>
	<set xpath="/items/item[@name='gunMGT1AK47']/effect_group/passive_effect[@name='DamageFalloffRange'][@operation='base_set']/@value">90</set>	
	<set xpath="/items/item[@name='gunMGT1AK47']/effect_group/passive_effect[@name='RoundsPerMinute'][@operation='base_set']/@value">460</set>
	<set xpath="/items/item[@name='gunMGT1AK47']/effect_group/passive_effect[@name='MagazineSize'][@operation='base_set']/@value">25</set>
	<set xpath="/items/item[@name='gunMGT1AK47']/effect_group[@name='gunMGT1AK47']/passive_effect[@name='EntityDamage'][@operation='base_add']/@value">8</set>	

	<set xpath="/items/item[@name='gunMGT2TacticalAR']/effect_group/passive_effect[@name='MaxRange'][@operation='base_set']/@value">110</set>
	<set xpath="/items/item[@name='gunMGT2TacticalAR']/effect_group/passive_effect[@name='DamageFalloffRange'][@operation='base_set']/@value">90</set>	
	<set xpath="/items/item[@name='gunMGT2TacticalAR']/effect_group/passive_effect[@name='RoundsPerMinute'][@operation='base_set']/@value">660</set>
	<set xpath="/items/item[@name='gunMGT2TacticalAR']/effect_group/passive_effect[@name='MagazineSize'][@operation='base_set']/@value">30</set>
	
	<set xpath="/items/item[@name='gunMGT3M60']/effect_group/passive_effect[@name='MaxRange'][@operation='base_set']/@value">110</set>
	<set xpath="/items/item[@name='gunMGT3M60']/effect_group/passive_effect[@name='DamageFalloffRange'][@operation='base_set']/@value">90</set>
	<set xpath="/items/item[@name='gunMGT3M60']/effect_group/passive_effect[@name='RoundsPerMinute'][@operation='base_set']/@value">600</set>
	<set xpath="/items/item[@name='gunMGT3M60']/effect_group/passive_effect[@name='MagazineSize'][@operation='base_set']/@value">100</set>

	<set xpath="/items/item[@name='gunBowT0PrimitiveBow']/effect_group/passive_effect[@name='MaxRange'][@operation='base_set']/@value">180</set>
	<set xpath="/items/item[@name='gunBowT1WoodenBow']/effect_group/passive_effect[@name='MaxRange'][@operation='base_set']/@value">180</set>
	<set xpath="/items/item[@name='gunBowT3CompoundBow']/effect_group/passive_effect[@name='MaxRange'][@operation='base_set']/@value">180</set>
	<set xpath="/items/item[@name='gunBowT1IronCrossbow']/effect_group/passive_effect[@name='MaxRange'][@operation='base_set']/@value">180</set>
	<set xpath="/items/item[@name='gunBowT3CompoundCrossbow']/effect_group/passive_effect[@name='MaxRange'][@operation='base_set']/@value">180</set>

	<set xpath="/items/item[@name='gunShotgunT0PipeShotgun']/effect_group/passive_effect[@name='MagazineSize']/@value">3</set>
	<set xpath="/items/item[@name='gunShotgunT0PipeShotgun']/effect_group/passive_effect[@name='RoundsPerMinute'][@operation='base_set']/@value">80</set>
	<set xpath="/items/item[@name='gunShotgunT0PipeShotgun']/effect_group[@name='gunShotgunT0PipeShotgun']/passive_effect[@name='EntityDamage'][@operation='base_add']/@value">3.45</set>

	<set xpath="/items/item[@name='gunShotgunT3AutoShotgun']/effect_group/passive_effect[@name='RoundsPerMinute'][@operation='base_set']/@value">200</set>
	<set xpath="/items/item[@name='gunShotgunT3AutoShotgun']/effect_group/passive_effect[@name='MagazineSize']/@value">12</set>
	<set xpath="/items/item[@name='gunShotgunT3AutoShotgun']/effect_group/passive_effect[@name='BurstRoundCount']/@value">2</set>	

</config>
