<configs>

	<set xpath="/items/item/effect_group/passive_effect[(@name='SpreadMultiplierAiming')]/@value">0.02</set>

	<set xpath="/items/item[not (@name='gunShotgunT0PipeShotgun') and not (@name='gunShotgunT1DoubleBarrel') and not (@name='gunShotgunT2PumpShotgun') and not (@name='gunShotgunT3AutoShotgun')]/effect_group/passive_effect[(@name='IncrementalSpreadMultiplier')]/@value">1</set>

	<set xpath="/items/item[not (@name='gunShotgunT0PipeShotgun') and not (@name='gunShotgunT1DoubleBarrel') and not (@name='gunShotgunT2PumpShotgun') and not (@name='gunShotgunT3AutoShotgun')]/effect_group/passive_effect[(@name='WeaponHandling') and (@operation='base_set')]/@value">10</set>

	<set xpath="/items/item[starts-with(@name, 'gun')]/property[@name='CrosshairOnAim']/@value">false</set>
	
	<set xpath="/items/item[@name='gunBowT0PrimitiveBow']/property[@name='CrosshairOnAim']/@value">true</set>
	<set xpath="/items/item[@name='gunBowT1WoodenBow']/property[@name='CrosshairOnAim']/@value">true</set>
	<set xpath="/items/item[@name='gunBowT1IronCrossbow']/property[@name='CrosshairOnAim']/@value">true</set>
	

</configs>